Title,sprice,Price,Discount,colour,material
Printed Round Neck T-Shirt,664,699,5%,Black,cotton
Solid Polo T-shirt,399,799,50%,Black,cotton
Colourblocked Round Neck T-shirt,454,699,35%,Black,cotton
Camouflage Round Neck T-shirt,454,699,35%,Black,cotton
Colourblocked Round Neck Navy Blue T-shirt,449,899,50%,Black,cotton
Solid Polo Collar T-shirt,637,1449,56%,Black,cotton
Striped Polo Collar T-shirt,1649,3299,50%,Black,cotton
Round-Neck T-shirt Regular Fit,399,399,0%,Black,cotton
All-Over-Printed T-shirt,384,699,45%,Black,cotton
Men Printed Round Neck T-shirt,411,749,45%,Black,cotton
Striped Round Neck T-shirt,419,599,30%,Black,cotton
Solid Polo Collar T-shirt,1299,1299,0%,Black,cotton
Slim Rapid Dry Raglan T-shirt,519,799,35%,Black,cotton
Slim Fit Colourblocked T-shirt,749,999,25%,Black,cotton
Printed Round Neck T-shirt,319,799,60%,Black,cotton
Printed Logo Split T-shirt,779,1299,40%,Black,cotton
Solid Round Neck T-shirt,479,799,40%,Black,cotton
Printed Round Neck T-shirt,2879,3599,20%,Black,cotton
Solid Polo Collar T-shirt,1699,1699,0%,Black,cotton
Solid Round Neck T-shirt,299,499,40%,Black,cotton
Solid Round Neck T-shirt,549,1249,56%,Black,cotton
Solid Mandarin Collar T-shirt,539,899,40%,Black,cotton
Slim Rapid Dry Raglan T-shirt,494,899,45%,Black,cotton
Long T-shirt,699,699,0%,Black,cotton
Printed Round Neck T-shirt,499,499,0%,Black,cotton
Printed Polo Collar T-shirt,623,1299,52%,Black,cotton
Printed Round Neck T-shirt,399,799,50%,Black,cotton
Solid Polo Collar T-shirt,4199,5999,30%,Black,cotton
Printed Round Neck T-shirt,359,599,40%,Black,cotton
Striped Polo T-shirt,649,999,35%,Black,cotton
Printed Polo Collar T-shirt,2899,2899,0%,Black,cotton
Printed Slim Fit T-shirt,824,1499,45%,Black,cotton
Solid Round Neck T-shirt,539,899,40%,Black,cotton
Striped Round Neck T-shirt,454,699,35%,Black,cotton
Solid Round Neck T-shirt,399,399,0%,Black,cotton
Solid Polo Collar T-shirt,1599,1599,0%,Black,cotton
Printed Round Neck T-shirt,2879,3599,20%,Black,cotton
Men Printed Round Neck T-shirt,474,499,5%,Black,cotton
Printed Round Neck T-shirt,474,499,5%,Black,cotton
Solid Slub Jersey T-shirt,799,799,0%,Black,cotton
Solid Round Neck T-shirt,454,699,35%,Black,cotton
Colourblocked Round Neck T-shirt,398,949,58%,Black,cotton
Solid Round Neck T-shirt,499,499,0%,Black,cotton
Striped Polo Collar T-shirt,664,699,5%,Black,cotton
Men OSAKA Round Neck T-Shirt,2879,3599,20%,Black,cotton
Running Rapid Dry T-shirt,489,699,30%,Black,cotton
Printed Polo Collar T-shirt,549,1099,50%,Black,cotton
Solid Polo Collar T-shirt,714,1299,45%,Black,cotton
Colourblocked Polo Collar T-shirt,3299,3299,0%,Black,cotton
Dri-FIT Training SL T-shirt,841,1295,35%,Black,cotton
Striped V-Neck T-shirt,419,699,40%,Black,cotton
Striped Round Neck T-shirt,550,249 OFF),Rs. 249 OFF)%,Black,cotton
Round Neck T-shirt,419,999,58%,Black,cotton
Polo Collar T-shirt,599,1199,50%,Black,cotton
Long T-shirt,699,699,0%,Black,cotton
Solid Round Neck T-shirt,324,499,35%,Black,cotton
Men Rapid Dry Training Tshirts,799,799,0%,Black,cotton
Round-Neck T-shirt Regular Fit,399,399,0%,Black,cotton
Men Performance Fit T-shirt,2124,2499,15%,Black,cotton
Striped Polo Collar T-shirt,439,1099,60%,Black,cotton
Colourblocked T-shirt,474,499,5%,Black,cotton
Solid Polo Collar T-shirt,494,549,10%,Black,cotton
Men Henley T-shirt,299,599,50%,Black,cotton
Printed Round Neck T-shirt,299,749,60%,Black,cotton
Colourblocked Polo T-shirt,999,999,0%,Black,cotton
Printed Logo Split T-shirt,779,1299,40%,Black,cotton
Printed Polo Collar T-shirt,854,899,5%,Black,cotton
AF Elevated Embossed T-shirt,1679,2799,40%,Black,cotton
Lightweight T-shirt,324,499,35%,Black,cotton
Solid Round Neck T-shirt,499,499,0%,Black,cotton
Adult Colourblocked  T-shirt,629,270 OFF),Rs. 270 OFF)%,Black,cotton
Solid Round Neck T-shirt,539,1199,55%,Black,cotton
Slim Fit Polo Collar T-shirt,637,1449,56%,Black,cotton
Long T-shirt,699,699,0%,Black,cotton
Solid Round Neck T-shirt,249,499,50%,Black,cotton
Striped Polo Collar T-shirt,999,999,0%,Black,cotton
Embroidered Round Neck T-shirt,2399,2999,20%,Black,cotton
Colourblocked T-shirt,339,849,60%,Black,cotton
Striped Polo Collar T-shirt,649,999,35%,Black,cotton
Men Pack of 2 Solid Tshirts,1598,1598,0%,Black,cotton
Printed Round Neck T-shirt,519,649,20%,Black,cotton
Printed Slim Fit T-shirt,824,1499,45%,Black,cotton
Printed Round Neck T-shirt,419,999,58%,Black,cotton
Self Design Round Neck T-shirt,844,1299,35%,Black,cotton
Printed Round Neck T-shirt,479,799,40%,Black,cotton
Printed Polo Collar T-shirt,3199,7999,60%,Black,cotton
Striped Polo T-shirt,629,899,30%,Black,cotton
Solid Polo T-shirt,844,1299,35%,Black,cotton
Printed Yoga Bio-Wash T-shirt,699,699,0%,Black,cotton
Solid Slub Jersey T-shirt,799,799,0%,Black,cotton
Solid Round Neck T-shirt,239,599,60%,Black,cotton
Men Printed Round Neck T-shirt,474,499,5%,Black,cotton
Pack of 3 Round Neck T-Shirts,778,865,10%,Black,cotton
Yoga Bio-Wash T-shirt,699,699,0%,Black,cotton
Solid Polo Collar T-shirt,1399,2799,50%,Black,cotton
Pack of 2 T-shirts,494,1099,55%,Black,cotton
Colourblocked T-shirt,454,699,35%,Black,cotton
Long T-shirt,699,699,0%,Black,cotton
Round Neck T-shirt,549,1099,50%,Black,cotton
